Public Address,Name,Time
0xa5a0b7c3dd5dddbfbd51e56b9170bb6d1253788b,JTobcat,1630354022
0x8ff09857beafa17befdc09c4c0a6696599254c96,Domitius#4c96,1630354754
0x8928b26de9ecc59cacdba095c6ed6237f48ddbd2,Lujube#dbd2,1630354825
0x5e7c8a4a89518e6351ed4da47459bda9845bf995,GabeyBaby54#f995,1630354867
0x0839b79ab37d75e1a0349b6b61b17009dd654d61,Captainblackjon#4d61,1630354879
0x279ab61ebeec7c354a05caa1878f269105d759ac,RockDog#59ac,1630354883
0x6dc88b231cd04dd1b1e525161162993f47140006,bigguap69#0006,1630354980
0xbc6da649e59020369a1140e28836155a278188c4,SmashIntoPieces#88c4,1630355159
0x284b999d7de8026873dbf537b8e37d0f18f6bcc0,Brohan,1630355424
0xd9d45ec98b594e02fd2d202bbf2bbe417d72a4e2,Veezy297#a4e2,1630355558
0x61d14a99fee542c9a85249ab87860b9ee86f0b17,Tyker#0b17,1630355623
0x597b6ab978e035d3f9242de312e62240b2d1740a,Decentrafun#740a,1630355664
0x9dd31297eb6c3d0b5a441db1eed6d90c55efbf32,Jacob#bf32,1630355705
0xeaf7aaa5eef5ece9b7a8b7c48edbb34d135a815b,Captainblackjon#815b,1630355744
0xfb108e5711be4469fb3b72b37dbc39fcd79e6f65,BobSwagiit#6f65,1630355773
0xa63dff9f5d002e68fdecc4b5e3cb6acdecc82422,Falaz#2422,1630355811
0x25a0e1e03276f195dcaf8f189302deee2d798a4e,MattM#8a4e,1630355975
0xa0032f20c5806d2e6cd0de2170839ec1efa65c7a,DogAndMe#5c7a,1630356007
0x846fc2e54474805bb8bf06a39830fbbb1811c17d,TJsaucier,1630356011
0x720ebc47d7821bfbfc0d1dcbbd65fe36e31d20fc,Polkamoon#20fc,1630356071
0xde3e3b60d7e513a9478ba354e799b70fc9ed65ec,Becoming#65ec,1630356101
0xea706663f6b1654cb4bfd717a6fc340ea10bc3c1,spacialaceart#c3c1,1630356153
0xba5f711785c53b0de97333aa7bb87bbb57e549ba,Clementines,1630356278
0x48b716fc11210f2ed0debf0d730571fa5fc3bca6,CatDadKelly#bca6,1630356329
0xa78d59f05acf567e60f70b8bdae5c88825c5b3c1,cyberserker#b3c1,1630356380
0xc1c0e9750fab87ac871ea40d005063f3750fe143,DuckingWhimsy#e143,1630356500
0x3f24e38d5fc6ecae2c174108d5792e5da663583b,Murpheus,1630356535
0x70cf21e9358e642385009218cf933a4eadce9d12,BigTime,1630356557
0x29460825068f20189b2048f6ebc3de3e482d427e,bearnft,1630356563
0x4594c8935288d744f5d1d8eff68643c3ecec1572,yaiba#1572,1630356578
0x393b4919fdd1f8740c8708baa411a34299a4cacd,Jona#cacd,1630356607
0x42b970d2cb31d834bc781b25cbae1b9ff2265210,FFG#5210,1630356614
0x597d94248c5181232e83ee054b74f01548090f33,Peanutbutta,1630356620
0x1b3010767f2f4c67a3f7e35bc3eab89069d2aaf6,0x2o,1630356631
0x51a41abb3f43a31665b2f55a3aa38d8304f2de87,Saraneus,1630356781
0x8b104344f397afc33ee55c743a0fbd7d956201cd,tweetious,1630356781
0x8fa50758019ad38033998b00705b4e744f1b38fe,Majik#38fe,1630356799
0x5df25e9a5f946a105f11477c170c530a43bb3ce0,dragonfar#3ce0,1630356885
0xb74a0c3ae362163ee7e16b51d4ace67e5aa6a518,Kenny#a518,1630356911
0x8b257b97c0e07e527b073b6513ba8ea659279b61,MetaMaxi,1630356964
0xece15f1173db019819d848471cd852924f57cf4f,Whim#cf4f,1630357434
0x0b3427e890d456bfd618172d8eca2ea3f3376bc1,dragons#6bc1,1630357474
0xb026ae8fb783f1271a9cea4cd875f09ac44915a1,kurunarvasto#15a1,1630357551
0xd82d005e8f8d5385db40ba23884a5c967bb1e8af,AlanHowick,1630357629
0xcf0722f0f8d164529a1aaa4280057103daea8007,jpBoomer#8007,1630357638
0xdde043e0e06ef063e28cdfc953deb4ebc6c3e889,Griffon#e889,1630357642
0xec5ab2021b970d148701ea33760b54c8116ea0fb,sunfvlter#a0fb,1630357878
0x88bd0b4026af3bc601fff74ed4798b0388406310,Denn,1630357945
0x94c02fa483ec1670141e2e3dec79ab6087bcb836,ErnestOfGaia,1630358003
0x7775a2fad56a0bd65b145d24468d38f38ecd9339,RamboBabmo#9339,1630358511
0xd4f20b86ab05e5e91cecfefe874657b0f7bfc87d,juxton,1630358540
0x6b347a82fcac4e6a38d1fc40e3631bd8f9495e9f,Bernie2020,1630358602
0x3e0998e9fcbd992d36239d5c5ad182d2b5cfb00b,LlBRA,1630358613
0xed6e9aba2eaf9b8ba5000b7594d48cf463922183,BLPATTON#2183,1630358627
0xa7e640e019fb8925695e62e6dc181082147b3be9,salty#3be9,1630358673
0xaf469c4a0914938e6149cf621c54fb4b1ec0c202,beijingdou#c202,1630358702
0x0939faa6ff31941f7d88b8eb07ca552daec251e0,pluto#51e0,1630358729
0xc0b7801dcaac2448e46bbb04daed92d5248b9ae0,Lupodebupo#9ae0,1630358740
0x8bc619e7f9ca9949b8440245fd9d8c4c002edf02,MidnightGospels,1630359102
0xea2029ca0d8aa1251b9373e728272d965cc72a9c,BowTiedThoth#2a9c,1630359115
0x8a36a7fd01b6f3453ec271d2d9bf95a710a85021,Pajeeet,1630359281
0xeb794215e8ab99e3475cc69f5fb2d983bca00fec,Webarh,1630359422
0x8cfa187621c58b5c4d2204e737f76d1432d3baa5,BlackRam#baa5,1630359630
0xa27ef7a1dd3920734eda7e57798b923256f27404,Freedan#7404,1630359780
0xcf31c47e2f336deaf1bdc578791244cc88e62c17,Libras,1630359797
0xa468ff763530d9f7c1355c6c92e2e0e402eacbe6,lePoint,1630359962
0xba094f3212e2fb66dcff6443709b3ecc596d851a,BobEggs#851a,1630359971
0x17476d0ed31f81d95b5ba8960b2d0b4de4675e64,Gmugr,1630360037
0x85d3c6be944f7ff76968c79fa7ce409f0a3734b6,corwin43#34b6,1630360091
0x86f5badc9fb2db49303d69ad0358b467cfd393e0,LoveGotchi#93e0,1630360117
0xe2f2706e72ae1f49f12ec1fb72ce861c0e098a1b,Spielberg,1630360172
0xa2fac01621d611ef83a028ab3a73173579a09487,skrotus#9487,1630360223
0xd6e62a97a55537cd04847bb73e22208bd20106aa,DCLCurations,1630360227
0x339858a776bb65f4f4f12d5ab8aa40eb3447cb2e,WhistlePiggie#cb2e,1630360228
0x58d95484fce3e94916278b28c090582bed111b62,Szamurajek#1b62,1630360232
0x3a58d800c27034e1fd05a6899b73917e88f38e3b,Stacks425#8e3b,1630360236
0xbd1e731a72839ba4d3783d1f362a5646a4e5af5d,TheGodMartian#af5d,1630360368
0x0506d39effcaefbc632cbe72c36c4d64759a665f,JasonSummers,1630360401
0x150ff8e03b598a75e272a4ac7f0063d5b8a161d5,Mamatbayti#61d5,1630360523
0x85ca8bd1e7b75c8b9ab576c997ec8163b45ebcaf,sikeash#bcaf,1630360528
0xc961caf78dd43c0ff77c682f6de815df5549add9,NekoChan,1630360561
0x5bc7351990c2984da8135df0c930017b312a191c,Bro1#191c,1630360565
0xf9d7ca974bd1e2f0c2b1ce55f2e9153827125568,PrisonMiike,1630360634
0x27b894da1728328db8909b44df3a51ec67002c3f,ZieloneMajtki#2c3f,1630360735
0xf214386058d1e1ae3e1d0dfd10c5b03c6691670e,Bisai92#670e,1630360790
0x4a2d300b032a3834aa35192eaa6246c6cf50db85,Mitzuka,1630360907
0x33a003fcf9a84d32b40b7946d313c54451ce28b4,ManaMania,1630360983
0xf317551754633ec9c33b3a24b491f9e19043472f,0xW#472f,1630361100
0xd58680f6971281ed5fdf0275b3f6cacd26159acc,PabLink1127#9acc,1630361102
0x492ab85d98b3b2979116c9a47b44f69d606b7045,Gabo,1630361157
0x9b996ca913e1279081fa4fd8ce6aa023d8827055,Chavinator#7055,1630361180
0xbe40b23fb5b055f667efc30e3d56d3532b667b86,PaladinJay#7b86,1630361208
0x554333cb53e657f010a104c4e61bf4cc7db26f4c,BigStrongGuy,1630361292
0xc0e53fe1199624d51a34682ca8e9ab18f5cb478c,BlackRamShadow#478c,1630361353
0xc5c2e22b5faac038c1603e676a823b6a4006f9c8,HimeSama,1630361368
0xfb0065c7e8efc56dadaf9d2b7218688e6037108a,mitchberger106#108a,1630361484
0x4cf03356734f2225ba8475cbe04530e8223e5e8a,Vintz#5e8a,1630361772
0x57e215d52bd92b781a6270a26e82b54a20251950,One#1950,1630361788
0x1cf8b7c59560c7142085a8da527a79871872544a,Uold#544a,1630361967
0xb8a628c521e7379680cd03c9c9c3d24847e76692,INZHAGI,1630362045
0xe0077298c95e40e838e539a92aedffa564f127cf,TelePizza,1630362190
0xec6066bf948d25ba6644828eaf1fc06576de3151,ICORAM#3151,1630362228
0x222550475087294a7f5ba4f87a06e7cd1103363d,AzureDiablo#363d,1630362229
0x42353a7fc70eab5c0017733813805313b7b10b8b,Jaguar#0b8b,1630362356
0xa0eb90b7aac3f508abc5e21d87dca1c3f2129c77,onibaku#9c77,1630362399
0xa368b7e27d2d629bf4a4ff06b42c693b1e9c84ef,Granskaren#84ef,1630362437
0xd09c6c5ea5d92bbf1fe60bcfd38e987e4be960de,Hibb34#60de,1630362592
0x8d2287f628ea35ffe5cd6cf34443ec5194532cd9,Th3gHosTKasper#2cd9,1630363112
0xb57f328e0a9c64a4d2652232f4a1ddc4b205265a,sephmour#265a,1630363151
0xe02d22248857e23484c854fa06d81c5b1385a31c,Melvin#a31c,1630363187
0x9aba88ae015465e25eb34b614730bf8d31cf526c,lilPikachu#526c,1630363941
0xab1bc094b6836be2956fdef027d74146a2aba714,HOLOCHAIN,1630364000
0x5f45f8296be3f38119d0c56ad339f6bf66154b9b,Naturel#4b9b,1630364083
0xcd24479105023120ea69efd90c06cadd1445edba,Yellow#edba,1630364364
0xa0f939965e18e969ddabab056e81dae2e2e7df4d,LlNUX,1630364369
0x8d719b5492d25977e04f963c19182abe60380d26,Moonglum1#0d26,1630364603
0xf4cc6ee4b4270a1a52356f14da588e449329af52,Sanjo#af52,1630364692
0x5c2cb5db7461a4773b3abacad11ca765196ac550,Bruski,1630365177
0xe5e508c953114f8688b9d6072cb1196cf6487006,Zebra#7006,1630366080
0x62224ed3fb2005c301d564a3379dc92ec82c37a7,LostSouls#37a7,1630366931
0xaf0e126d11161fd002200e980103b78470e660e4,Ina,1630367121
0x22d90ae805975f222f19210e684af78f9beff981,PrinceMononoke,1630367240
0x701e802127d8d66c6158e2711370877f277f3529,Daavveed#3529,1630367751
0x4df299962ac8c92d16fdc667f46f415aae0a6bfa,Chorr,1630367958
0x101e894e5536eb2b7508be1b40b6566502ecd593,Bia,1630368014
0xae051e32df2facb1b1cae583fd10481b6deaac73,VintageMo#ac73,1630368145
0xb294ce56b0b12d0f32d61dca52bd39dae74e1156,JustinJ#1156,1630368279
0x3a6d4c682e5f23c5782a5a8444bc6f716e91b528,Fallen#b528,1630368335
0x5dbdc75882398a4b54d7253196249baf9ad9afd1,Kangzzz916#afd1,1630369405
0xbf38b42a96b0e33be5f7ed18f14fff7aef14c99f,Namegel#c99f,1630370267
0x9f4132f6c4eff3433e06c120c6e04c0e40cf63cc,BlackAlien,1630370978
0xc49a789b74b35fb145565c5a53e6f2f1c4102a3d,Tim#2a3d,1630371765
0x90c31d27d65f0e7fd8d7da81d93feb502bc74371,Kilz#4371,1630371856
0x437bb57ea8afd130c8d22bc925041fb7a509c0a5,grimX#c0a5,1630373066
0x979e94c3ed003e7efa9415484a80dbecb22cbd22,KHdh#bd22,1630373117
0x9234ddbf27882ede952d66afc3504b8b9a0b25b1,JustLife,1630374560
0xae5040ca0ebac419a1a800a42bfe5fdee99f6e65,BlueFairy,1630374604
0xa163c586011df294aeea0893a1f92605f33fae6c,Dizzle#ae6c,1630374628
0xfad973f9d1170f61978e6fa495a93ce7b7c09475,ALIBABA,1630375468
0x34012df14b13ec13e7873d727aff7847bd5b2274,DirtyBird,1630376031
0xbdbfe5f4d8775472b0398f88fc378ec2e5518558,Maladywise#8558,1630376134
0x91d00b76fb2633b811c69a56c062268e58bab1e1,baneful#b1e1,1630376165
0x47e33894ed60a691a5c795325dae461363863c8c,imoasis,1630376167
0xba61af084ce238835f0143c309466a387093eabc,mixplate#eabc,1630377213
0x6f11e78b1871bdc5c6724134cba9a952b822a7e5,Perseus,1630377457
0xdac319bb232c199f73b17988df80cd0d6e111893,smalls,1630377796
0x99ed7190511ac2b714ffbb9e4e1817f6851ef9f5,Mazzone#f9f5,1630377810
0x073c332ced8b9c6e73b3d3ef4ee6f0862fff3549,caxaas#3549,1630378784
0xa98cabd7b342317f8581dbd3d64992cb028f3f97,BootyBandito#3f97,1630378911
0x5f62024d752ea5dd53a091fb6c0e07b99ed1f38a,Juloxotl#f38a,1630379140
0x52f9dd22133cf9ec70556c2c67968bbfe93bb86e,Maximos#b86e,1630380663
0x602e3690120c4e0d68918e66ad549be9d1f99b45,fundurian,1630380667
0x4b0ba8012ad83048d6662608a5c4c2111478cc62,Crashnburn1#cc62,1630380685
0xb1f8d4d0ed25282a96b9d407944d69c9a988c2ed,Diddy#c2ed,1630381484
0xd5ffcabf2ba93b4c30698b0398dfbf1af3163a61,Taco,1630381685
0xc4e3ba81991319c98150446aeeb776f23041bdaf,didgydont#bdaf,1630382504
0xbc75767e2c23fc834379c4599067dbe3174fe5f4,nilo#e5f4,1630383793
0x23e0c2e750b95864b023ef0747ad0f724453dffc,Mintsuki#dffc,1630384854
0x7dda3a2c8ceb203ace7a6bddefce1bb5513418ba,hyunjun#18ba,1630384921
0x50dff9c1f49f9ae155f8f5dd0438290caec85aa2,Kirikat#5aa2,1630384947
0x6a621ea151434cf6940ab950bcc25ef5d3c39eef,JFitz,1630386014
0x4a35677c1b8450cd27b619ac7356a9eeeb0b4368,iluscavia#4368,1630386450
0xd2f354f74b88401fe827eccec38be9cd28ed62e0,Strider#62e0,1630386589
0xaea50d2add888ad20ac237cf11f0e7e2b37dbb92,dubble#bb92,1630387713
0xb905576a1d9bff3b7f3a69764913037ea18f01da,Taco#01da,1630389792
0x874671ad18ca0581898b748ea55e34331c049745,Kibby,1630390788
0xf85ca9c52ed6f75ea58f82d3ea5633dfc063f930,Kirzoz,1630390996
0xc35cfe8d50e63b48fc624ff91a668c18ef9277a5,Felblob,1630391403
0x58395a9909363dc336da1ed76f4f106537da9c69,WHCTitan#9c69,1630392186
0xc8b811201aba2c54a419a36af349990ea5364c9c,Edd#4c9c,1630406925
0x447a24d43e2a06dab0528b550b5c088559fe10a2,Sincryo#10a2,1630407511
0x7556cc553036e8e67ca77b72fca81657988de13e,Decryptolorian#e13e,1630413463
0xdda83aac8c6f71d5fa512fc350e8a35e33313b88,Gecko#3b88,1630413709
0xf7e158bd2b6e79ef2f2ab72ac6cb2fea239c2a9b,Opaaq0,1630413893
0xbfd82bd44b3df57b26e29770d0c8f1690f1c49f1,GwennLeCoin,1630415254
0xdbc9311a5436890958a1fda6181ad10b8d1f4359,DashiDan#4359,1630416914
0xfeeb67865f61f03390b245034bebee5fb70b4ead,AquanetWave#4ead,1630417867
0x142b6b2be9a557133813f67e31f162396a0b610e,logichoops#610e,1630417898
0xc2789babe1a5cd95e81ae5f2444e82e1391bf7ce,zetacephei#f7ce,1630419999
0x2d6bc5b701812107d4bfe5c24024be7a173ab143,TheTrueKing#b143,1630420979
0xf297067585790539c2c24d56d8b25af22d1e118d,LarryFisherman,1630423063
0x40157f2acb957b6e88485ea2c7a5085f508f9537,TommyLite#9537,1630424729
0x750d23ea18e1737c17cd517aea97cf8f48e0b218,Alunaut,1630425110
0x7747e718cce4053acf2279b80fe899ada3a271bc,Averyprime#71bc,1630427667
0xbeee816c3ab89976b22faba9a17e12488e30bcaa,YouMack,1630432918
0x50a6d5cc2e86914a7531969c730c55f52b438af3,OhhhTazzy,1630433329
0x911183114adfbbcad21ad5b055e03bed0b492a39,ManiakDectrlan#2a39,1630433887
0xe18dc8ddafe0efe42de2eaa8401d750b108c387d,MrElvishPiper#387d,1630438163
0xcc1e0a566dbd10869c071c811aba436357858f05,Gotaya#8f05,1630439612
0x6c4e416c3efdc912b5bb292c2a399c691ebb2e31,flyingpig59#2e31,1630441511
0x3acb5eaecfab99d01e86f7068ae7b90479fb50e9,Sebastien,1630442123
0x4da03f669dd9609dc49ca6f3451ba22d3b792395,DefiniteCash,1630445252
0x58c4eae714b5b4652b003802e9cbba62e1d15716,Zepa#5716,1630446047
0x72b786ff9ef6d56a2b2dddcfff9bf78f353b145b,AumeRrpmp,1630446353
0xbcc224605383cb72dc603b1e3b4f4678b371c4dc,jpcoco,1630447089
0xcc55a426d4221d299a4586aaa0cef6e5c12783a4,CoolCriSyS#83a4,1630451409
0x8fd30d792d7bfb8955d7cfbfa1ccc878b04a39ec,Peter,1630451858
0x1079832c98bfad05e39ee091cce4f4b2f6f4f642,mixplate#f642,1630458537
0x7d38f9795e6693f46d1d916169a7041cd2a37609,purpleranger#7609,1630463101
0x35704b3422e1abe13518c7ee1ff9d0780a500eeb,PocketCow#0ee,1630467332
0xe3b35e018c8270e335009fb05adc56cccdf453ce,WARL0CK,1630480510
0x21875706c91b49dd2ef5f3e8e683ac720e27c204,Mejou#c204,1630490728
0xf0dbb7ca073bef4f1b721dc9238ae8dc010d0ef3,Thedan911#0ef3,1630515468
0x856a29d2c6a0727ff88f0a699b2a0ab992542050,Filasete#2050,1630518522
0xf534cb6473e7b3e37d8822afd900f2959690fdf3,GrandNagusZek,1630532590
0xef51eb75bbcde53f96068b66e4ac8d8189c2b50d,Thumbalina#b50d,1630540296
0xe04143cde199140fff4bafbebc591cef38d4d96b,BAE#d96b,1630544652
0x5b2520102413086dc65fd8de71ae0d5e21d35334,AfternoonDlite#5334,1630557973
0x83c9440dc34da00c47a0d4dc2b598d7bdb1b53f7,StarHarbinger,1630568841
0x74931a63f678581234ebc535724517778084fddd,Ednut#fddd,1630582633
0x00ba33baa6fc4c3e8647acc846e5d9da9e276eb2,Nayonac,1630591866
0x96e99a4ce092406b8c54fed16806a7d6e4c028e6,JIACHEN#28e6,1630595070
0xcf7b70c642ee1e96b5e65b6c7598a5bc0c44cddd,rbwilsonNFT#cddd,1630600683
0xf820526d4e5f79d4c7247f0e8d09d3cf03695ab4,AshMan#5ab4,1630602233
